M0538OCALM35R, image-20210928-102713-12d2869d
M0505SLOIM989, image-20210928-102718-2474636a
M0565ONGEM50P, image-20210928-102721-8eaea48f
M9203UWDIM59E, image-20210928-102725-7e28b44c
M9204UMOAM918, image-20210928-102725-7e28b44c
M9203UMOSM747, image-20210928-102729-f53d9faf
KDB704LNYS26U, image-20210928-102732-8502aded
KDP916LNYS27G, image-20210928-102732-8502aded
M9203UMOSM828, image-20210928-102747-05631ad4
M9203JFIAM884, image-20210928-102747-05631ad4
M0531NWDDM900, image-20210928-102758-fd41d453
S5475ZRHMM918, image-20210928-102802-39d3c54f
M1286ZRHMM918, image-20210928-102806-79d7094b
EVDRS1UQRB0G0, image-20210928-102940-20cd277d
EVDRSUQRB0G0, image-20210928-102940-20cd277d
M0446CBAAM900, image-20210928-103146-c8d2fedb
M0446CWPLM900, image-20210928-103146-c8d2fedb
30MTSUR14A0, image-20210928-103157-a46cc321
30MNTGNSZJ1I, image-20210928-103200-ce51703f
M0538BCALM900, image-20210928-103217-38e9a47d
M0531NWDDM900, image-20210928-103217-38e9a47d
M0505SNEAM900, image-20210928-103217-38e9a47d
M0505SLOIM989, image-20210928-103217-38e9a47d
M9242UTHRM928, image-20210928-103240-bd2d326b

